<?xml version="1.0" encoding="UTF-8"?>
<project-private xmlns="http://www.netbeans.org/ns/project-private/1">
    <editor-bookmarks xmlns="http://www.netbeans.org/ns/editor-bookmarks/2" lastBookmarkId="0"/>
    <open-files xmlns="http://www.netbeans.org/ns/projectui-open-files/2">
        <group>
            <file>file:/home/udin/Me/Tugas/Praktikum-pbo/Praktikum/PenilaianUjianMahasiswa/src/penilaianujianmahasiswa/model/Nilai.java</file>
            <file>file:/home/udin/Me/Tugas/Praktikum-pbo/Praktikum/PenilaianUjianMahasiswa/src/penilaianujianmahasiswa/data/Data.java</file>
            <file>file:/home/udin/Me/Tugas/Praktikum-pbo/Praktikum/PenilaianUjianMahasiswa/src/penilaianujianmahasiswa/PenilaianUjianMahasiswa.java</file>
            <file>file:/home/udin/Me/Tugas/Praktikum-pbo/Praktikum/PenilaianUjianMahasiswa/src/penilaianujianmahasiswa/model/Mahasiswa.java</file>
            <file>file:/home/udin/Me/Tugas/Praktikum-pbo/Praktikum/PenilaianUjianMahasiswa/src/penilaianujianmahasiswa/abstracts/Proses.java</file>
            <file>file:/home/udin/Me/Tugas/Praktikum-pbo/Praktikum/PenilaianUjianMahasiswa/src/penilaianujianmahasiswa/model/Matakuliah.java</file>
            <file>file:/home/udin/Me/Tugas/Praktikum-pbo/Praktikum/PenilaianUjianMahasiswa/src/penilaianujianmahasiswa/abstracts/AbstractProses.java</file>
        </group>
    </open-files>
</project-private>
