<?xml version="1.0" encoding="UTF-8"?>
<project-private xmlns="http://www.netbeans.org/ns/project-private/1">
    <editor-bookmarks xmlns="http://www.netbeans.org/ns/editor-bookmarks/2" lastBookmarkId="0"/>
    <open-files xmlns="http://www.netbeans.org/ns/projectui-open-files/2">
        <group>
            <file>file:/home/udin/Me/Tugas/Praktikum-pbo/NPM06989Modul5Laundry/src/Transaksi/Cucian.java</file>
            <file>file:/home/udin/Me/Tugas/Praktikum-pbo/NPM06989Modul5Laundry/src/Pengguna/Pelanggan.java</file>
            <file>file:/home/udin/Me/Tugas/Praktikum-pbo/NPM06989Modul5Laundry/src/Pengguna/Pegawai.java</file>
            <file>file:/home/udin/Me/Tugas/Praktikum-pbo/NPM06989Modul5Laundry/src/Main/NPM06989Modul5Laundry.java</file>
        </group>
    </open-files>
</project-private>
