<?xml version="1.0" encoding="UTF-8"?>
<project-private xmlns="http://www.netbeans.org/ns/project-private/1">
    <editor-bookmarks xmlns="http://www.netbeans.org/ns/editor-bookmarks/2" lastBookmarkId="0"/>
    <open-files xmlns="http://www.netbeans.org/ns/projectui-open-files/2">
        <group>
            <file>file:/home/udin/Me/Tugas/Praktikum-pbo/Praktikum/SistemPerpustakaan/src/sistemperpustakaan/service/ProsesServiceAbstract.java</file>
            <file>file:/home/udin/Me/Tugas/Praktikum-pbo/Praktikum/SistemPerpustakaan/src/sistemperpustakaan/service/ProsesService.java</file>
            <file>file:/home/udin/Me/Tugas/Praktikum-pbo/Praktikum/SistemPerpustakaan/src/sistemperpustakaan/SistemPerpustakaan.java</file>
            <file>file:/home/udin/Me/Tugas/Praktikum-pbo/Praktikum/SistemPerpustakaan/src/sistemperpustakaan/model/Peminjam.java</file>
            <file>file:/home/udin/Me/Tugas/Praktikum-pbo/Praktikum/SistemPerpustakaan/src/sistemperpustakaan/DataPerpustakaan.java</file>
            <file>file:/home/udin/Me/Tugas/Praktikum-pbo/Praktikum/SistemPerpustakaan/src/sistemperpustakaan/model/Buku.java</file>
        </group>
    </open-files>
</project-private>
